calling,called,date,time
433-599-1726,901-672-4727,2017-01-24,04:36:02.703109
819-849-1804,799-488-0562,2017-02-24,20:59:12.629194
473-110-5271,898-177-6861,2017-08-17,18:01:29.477961
458-246-9608,310-498-2762,2017-08-10,22:31:57.606355
737-711-6365,376-226-1704,2017-09-20,17:57:20.478720
226-031-6566,158-576-4578,2017-11-15,11:16:14.833001
905-408-8460,813-488-7105,2017-07-20,13:19:52.212996
737-711-6365,441-486-8744,2017-11-02,15:36:22.425791
960-664-8315,255-827-4711,2017-01-27,04:42:45.658864
585-337-8204,179-506-3473,2017-04-06,03:32:32.773119
363-649-7771,226-031-6566,2017-08-07,19:39:43.383621
573-488-8760,589-416-9564,2017-11-07,15:40:20.138255
315-099-0962,458-246-9608,2017-09-20,15:17:40.330935
316-259-5236,226-031-6566,2017-11-05,07:58:03.737503
508-189-5066,648-457-8297,2017-11-10,16:46:33.056799
799-488-0562,733-187-2959,2017-06-12,22:14:15.918396
573-488-8760,610-263-7288,2017-04-08,15:48:49.311055
810-044-1619,376-226-1704,2017-11-05,10:23:51.705684
799-488-0562,898-177-6861,2017-07-30,21:30:24.889236
737-711-6365,706-073-4548,2017-09-20,06:52:53.305334
644-097-7772,683-712-6411,2017-01-23,09:01:10.139922
603-627-2229,675-012-7149,2017-02-07,22:40:32.673113
226-031-6566,737-711-6365,2017-12-18,05:34:26.818858
316-259-5236,194-751-0726,2017-04-15,15:37:33.044586
819-849-1804,561-817-9890,2017-02-05,02:34:47.518575
861-878-1772,315-099-0962,2017-06-20,09:23:37.007263
370-187-0070,315-099-0962,2017-11-04,19:42:23.598478
905-168-6189,226-031-6566,2017-09-24,14:06:33.377156
363-649-7771,388-647-9826,2017-04-04,02:52:14.923928
315-099-0962,737-711-6365,2017-07-14,00:53:28.706551
370-187-0070,765-064-7110,2017-03-23,11:34:22.250520
186-729-3123,799-488-0562,2017-01-23,20:07:22.822690
573-488-8760,195-526-2361,2017-06-30,14:15:57.871663
221-827-1070,819-849-1804,2017-06-02,06:16:01.667041
252-663-3819,728-062-6327,2017-12-06,20:48:42.207517
315-508-5665,221-827-1070,2017-09-30,11:24:52.285226
585-337-8204,315-508-5665,2017-03-03,11:53:49.050056
799-488-0562,235-176-4381,2017-05-26,21:49:35.233047
433-599-1726,861-878-1772,2017-07-09,10:39:01.194548
737-711-6365,765-064-7110,2017-02-02,07:03:20.799740
186-729-3123,901-672-4727,2017-09-03,01:14:26.228550
479-518-8841,239-262-5534,2017-10-13,15:32:52.714593
562-069-8665,960-664-8315,2017-11-16,23:59:16.772326
819-849-1804,139-381-4068,2017-04-29,20:27:23.432833
589-416-9564,733-187-2959,2017-02-22,08:42:33.199450
733-187-2959,845-198-2046,2017-05-06,15:46:46.426224
932-432-3898,901-672-4727,2017-01-25,21:19:05.151095
644-097-7772,727-551-2106,2017-07-27,19:55:44.034743
573-488-8760,753-124-4994,2017-01-31,18:13:56.727965
316-259-5236,995-055-1114,2017-08-02,10:15:39.204926
898-177-6861,610-263-7288,2017-02-04,12:11:22.926673
737-711-6365,608-079-4930,2017-07-27,16:04:19.554835
221-827-1070,455-854-3710,2017-11-22,22:39:01.593957
733-187-2959,799-183-9806,2017-06-15,06:30:31.035953
252-663-3819,965-814-3291,2017-07-28,00:05:59.776123
118-360-4135,725-626-2996,2017-09-02,22:33:00.657846
810-044-1619,828-812-0718,2017-04-12,02:48:43.573439
819-849-1804,799-183-9806,2017-02-06,15:10:00.630568
403-275-0541,186-729-3123,2017-09-15,08:17:23.199918
813-488-7105,828-812-0718,2017-03-21,14:09:51.055524
799-488-0562,995-055-1114,2017-06-23,12:22:21.659410
960-664-8315,644-097-7772,2017-07-17,11:50:57.516936
370-187-0070,828-812-0718,2017-09-23,03:28:32.823335
675-012-7149,414-128-3556,2017-10-22,18:26:32.574804
472-537-1905,349-674-8673,2017-05-23,07:01:50.135040
226-031-6566,328-866-0427,2017-05-06,15:11:30.387333
675-012-7149,905-168-6189,2017-07-22,13:12:23.109455
898-177-6861,441-486-8744,2017-01-12,14:40:56.781919
441-486-8744,224-307-9607,2017-07-05,06:25:03.051860
589-416-9564,271-788-9365,2017-12-18,06:01:00.829339
799-488-0562,986-821-7725,2017-01-24,02:37:39.489236
589-416-9564,287-287-2300,2017-01-01,04:50:55.521479
370-187-0070,361-039-4345,2017-10-29,04:51:39.312637
737-711-6365,549-323-0194,2017-01-14,04:21:23.138190
316-259-5236,610-263-7288,2017-09-24,10:55:38.098427
603-627-2229,648-457-8297,2017-11-25,12:35:12.985565
573-488-8760,733-187-2959,2017-07-16,00:53:51.175297
472-537-1905,822-885-9453,2017-12-08,02:49:43.244439
733-187-2959,894-374-8558,2017-02-19,15:26:12.911878
316-259-5236,363-649-7771,2017-06-29,16:54:10.167847
799-488-0562,861-878-1772,2017-11-11,00:31:13.567829
316-259-5236,328-866-0427,2017-08-31,01:04:30.039848
733-187-2959,441-486-8744,2017-01-02,22:01:31.805223
819-849-1804,230-006-7468,2017-11-20,22:13:24.822553
433-599-1726,828-812-0718,2017-01-09,18:40:04.098894
116-475-3164,433-599-1726,2017-12-11,05:25:01.560579
932-432-3898,819-849-1804,2017-11-13,06:02:37.299329
186-729-3123,284-762-6101,2017-11-24,13:36:39.197019
603-627-2229,604-107-7176,2017-11-28,07:18:25.817898
960-664-8315,455-854-3710,2017-07-06,08:34:46.844529
585-337-8204,145-788-8928,2017-08-16,01:18:15.838718
648-457-8297,537-537-7090,2017-08-22,16:30:51.631170
898-177-6861,255-827-4711,2017-03-06,04:39:18.921026
905-408-8460,221-827-1070,2017-12-09,03:16:53.386947
603-627-2229,118-360-4135,2017-06-25,17:44:17.689790
116-475-3164,221-827-1070,2017-09-07,02:16:34.594836
370-187-0070,845-198-2046,2017-11-15,02:32:31.158546
908-589-1859,472-537-1905,2017-08-07,04:22:56.390221
252-663-3819,908-589-1859,2017-08-29,10:49:41.812858
813-488-7105,644-097-7772,2017-02-22,10:52:50.703126
458-246-9608,310-498-2762,2017-07-29,02:18:29.653617
508-189-5066,894-374-8558,2017-09-24,09:55:00.510588
932-432-3898,226-031-6566,2017-07-16,18:18:26.592407
473-110-5271,898-177-6861,2017-11-02,09:39:53.400895
733-187-2959,610-263-7288,2017-01-29,19:13:59.204880
879-692-2301,287-287-2300,2017-10-16,13:08:19.754231
898-177-6861,995-055-1114,2017-04-15,05:51:34.567282
908-589-1859,363-649-7771,2017-07-17,12:17:54.454532
603-627-2229,976-174-4409,2017-07-25,15:41:41.702357
683-712-6411,361-039-4345,2017-03-31,08:04:36.449305
472-537-1905,433-599-1726,2017-11-10,22:20:18.322388
100-830-1428,562-069-8665,2017-01-06,16:16:22.282433
737-711-6365,706-073-4548,2017-06-13,20:07:33.676185
549-323-0194,603-627-2229,2017-11-20,15:30:02.577551
879-692-2301,376-226-1704,2017-04-14,05:38:53.535521
226-031-6566,753-124-4994,2017-01-05,11:14:51.161430
995-055-1114,828-812-0718,2017-07-04,03:50:41.762081
737-711-6365,706-073-4548,2017-02-11,20:59:59.812705
473-110-5271,887-628-4270,2017-05-14,12:11:18.951005
604-107-7176,376-608-7518,2017-08-11,07:03:10.514035
315-099-0962,887-628-4270,2017-04-05,14:48:15.396315
473-110-5271,905-168-6189,2017-09-28,14:14:55.010967
675-012-7149,370-187-0070,2017-10-01,21:05:11.754637
239-262-5534,845-198-2046,2017-05-17,08:35:53.494009
573-488-8760,905-408-8460,2017-04-14,03:08:34.244689
361-039-4345,995-055-1114,2017-05-25,22:14:09.443592
813-488-7105,728-062-6327,2017-10-31,17:30:22.581965
810-044-1619,287-287-2300,2017-09-22,07:23:47.022441
960-664-8315,610-263-7288,2017-10-14,02:35:01.689065
363-649-7771,255-827-4711,2017-11-16,04:48:42.726890
986-821-7725,537-537-7090,2017-07-30,05:28:40.040778
810-044-1619,675-012-7149,2017-11-16,17:59:21.768841
562-069-8665,315-099-0962,2017-05-27,10:51:36.253472
315-508-5665,139-381-4068,2017-12-19,09:54:41.148451
508-189-5066,976-174-4409,2017-04-12,01:00:09.602696
733-187-2959,455-854-3710,2017-08-02,18:08:53.471178
508-189-5066,965-814-3291,2017-10-08,12:50:26.555751
986-821-7725,326-348-8171,2017-08-31,21:39:48.166441
100-830-1428,810-044-1619,2017-05-28,06:55:40.548950
562-069-8665,271-788-9365,2017-03-20,19:09:41.376355
186-729-3123,995-055-1114,2017-10-15,18:15:11.542372
315-099-0962,328-866-0427,2017-03-19,04:19:47.414683
549-323-0194,799-488-0562,2017-08-05,07:29:43.038986
363-649-7771,573-488-8760,2017-01-23,13:37:07.421416
648-457-8297,728-062-6327,2017-09-21,20:12:10.768871
186-729-3123,706-073-4548,2017-04-24,15:36:11.765724
316-259-5236,905-168-6189,2017-09-03,01:06:24.172232
861-878-1772,799-183-9806,2017-04-15,09:06:44.654032
648-457-8297,218-810-9957,2017-10-01,10:25:13.262069
737-711-6365,224-307-9607,2017-12-06,19:19:37.780737
737-711-6365,537-537-7090,2017-04-23,03:30:56.638438
675-012-7149,727-551-2106,2017-07-04,13:49:20.591565
472-537-1905,376-608-7518,2017-12-16,20:05:00.853517
799-488-0562,441-486-8744,2017-01-13,15:47:35.708885
479-518-8841,949-372-6727,2017-07-08,05:50:32.708388
116-475-3164,252-663-3819,2017-09-08,06:21:58.076939
361-039-4345,604-107-7176,2017-03-16,04:26:17.345034
361-039-4345,363-649-7771,2017-01-31,23:17:49.734708
905-168-6189,376-608-7518,2017-04-03,08:06:48.528858
604-107-7176,559-713-1835,2017-07-20,20:05:54.054380
683-712-6411,784-882-5256,2017-04-09,20:20:15.911946
585-337-8204,733-187-2959,2017-06-20,16:59:59.074819
960-664-8315,976-174-4409,2017-08-20,03:57:21.188634
995-055-1114,316-259-5236,2017-10-30,06:02:33.821935
960-664-8315,367-042-6173,2017-01-15,21:33:33.118549
549-323-0194,799-183-9806,2017-05-06,10:21:29.211662
995-055-1114,458-246-9608,2017-07-24,11:14:24.715972
995-055-1114,822-885-9453,2017-11-03,23:50:54.349780
472-537-1905,376-226-1704,2017-07-17,08:42:32.220300
508-189-5066,610-263-7288,2017-09-18,14:35:37.263656
604-107-7176,326-348-8171,2017-05-31,11:33:12.844920
603-627-2229,158-576-4578,2017-08-01,06:20:05.037824
186-729-3123,610-263-7288,2017-01-15,05:53:57.293796
479-518-8841,403-275-0541,2017-11-05,16:28:50.016195
100-830-1428,845-198-2046,2017-01-14,13:49:47.540100
186-729-3123,610-263-7288,2017-02-01,20:56:50.751979
479-518-8841,585-337-8204,2017-07-14,19:48:24.062041
995-055-1114,879-692-2301,2017-01-06,14:30:25.593257
441-486-8744,296-845-8815,2017-08-05,07:40:28.329398
737-711-6365,965-814-3291,2017-05-09,06:18:50.303853
683-712-6411,224-307-9607,2017-09-22,01:37:20.150279
675-012-7149,644-097-7772,2017-07-23,07:50:27.533933
562-069-8665,995-055-1114,2017-04-15,21:56:06.728149
315-099-0962,932-432-3898,2017-12-24,22:57:06.335284
810-044-1619,755-837-6504,2017-05-23,23:17:39.520312
648-457-8297,733-187-2959,2017-10-25,08:23:03.698714
879-692-2301,370-187-0070,2017-01-23,22:06:07.525382
604-107-7176,819-849-1804,2017-03-25,09:51:23.067513
361-039-4345,905-168-6189,2017-04-03,04:36:00.953364
879-692-2301,573-488-8760,2017-11-06,04:44:36.526669
472-537-1905,901-672-4727,2017-10-17,06:50:57.545845
472-537-1905,901-672-4727,2017-11-08,17:38:27.190306
100-830-1428,610-263-7288,2017-08-03,23:30:39.777081
226-031-6566,361-039-4345,2017-09-18,23:32:26.411420
118-360-4135,648-457-8297,2017-03-12,18:14:55.770301
589-416-9564,458-246-9608,2017-11-03,21:53:59.303479
433-599-1726,341-119-2595,2017-12-07,02:54:26.990697
472-537-1905,158-576-4578,2017-08-24,19:09:13.634936
479-518-8841,737-711-6365,2017-06-25,18:41:22.414322
879-692-2301,226-031-6566,2017-03-05,17:02:58.511384
186-729-3123,328-866-0427,2017-01-26,05:43:22.000476
733-187-2959,287-287-2300,2017-08-25,02:08:10.816960
733-187-2959,472-537-1905,2017-10-18,07:22:11.889468
403-275-0541,603-627-2229,2017-07-07,05:15:02.985497
221-827-1070,608-079-4930,2017-05-09,04:15:17.022208
472-537-1905,537-537-7090,2017-03-20,09:09:18.238774
370-187-0070,949-372-6727,2017-10-11,16:56:46.231830
458-246-9608,549-323-0194,2017-03-18,20:43:07.082816
441-486-8744,376-608-7518,2017-03-23,09:23:53.038703
239-262-5534,441-486-8744,2017-06-17,09:40:11.071170
986-821-7725,965-814-3291,2017-04-16,18:34:39.594564
473-110-5271,784-882-5256,2017-09-04,01:03:25.697470
894-374-8558,733-187-2959,2017-09-03,16:55:02.283597
562-069-8665,139-381-4068,2017-04-21,09:30:55.400463
861-878-1772,725-626-2996,2017-02-21,21:59:28.215276
118-360-4135,810-044-1619,2017-10-23,00:17:58.459983
363-649-7771,995-055-1114,2017-09-04,00:11:10.328718
648-457-8297,388-647-9826,2017-02-19,13:19:38.440426
403-275-0541,218-810-9957,2017-03-14,02:13:50.979711
370-187-0070,585-337-8204,2017-09-01,01:08:35.728778
905-168-6189,644-097-7772,2017-03-27,10:05:13.711721
315-099-0962,589-416-9564,2017-02-09,16:18:35.557141
370-187-0070,100-830-1428,2017-12-16,03:01:18.090654
458-246-9608,455-854-3710,2017-01-18,11:02:51.034224
458-246-9608,433-599-1726,2017-06-03,21:30:34.531040
239-262-5534,608-079-4930,2017-02-10,22:21:53.044477
861-878-1772,765-064-7110,2017-05-04,22:48:32.933996
363-649-7771,179-506-3473,2017-11-26,03:24:33.321741
589-416-9564,829-644-5392,2017-01-06,15:38:22.699528
100-830-1428,905-168-6189,2017-12-10,19:22:22.345710
905-408-8460,376-608-7518,2017-10-11,02:51:38.707295
604-107-7176,158-576-4578,2017-02-24,03:36:25.665669
441-486-8744,472-537-1905,2017-07-25,15:09:31.515318
819-849-1804,441-486-8744,2017-06-09,08:19:30.789012
433-599-1726,403-275-0541,2017-02-18,04:00:01.017057
898-177-6861,414-128-3556,2017-02-09,20:36:38.417262
361-039-4345,252-663-3819,2017-02-23,12:04:19.516751
441-486-8744,573-488-8760,2017-03-25,21:55:39.835341
894-374-8558,995-055-1114,2017-01-03,11:09:28.726136
221-827-1070,905-408-8460,2017-05-23,08:38:07.450184
603-627-2229,725-626-2996,2017-02-14,07:23:04.749813
370-187-0070,116-475-3164,2017-04-11,19:17:04.082559
239-262-5534,845-198-2046,2017-12-15,13:05:44.535409
315-099-0962,887-628-4270,2017-05-17,02:48:15.679564
644-097-7772,315-099-0962,2017-11-16,00:33:17.256678
473-110-5271,644-097-7772,2017-01-26,08:20:41.589854
363-649-7771,472-537-1905,2017-07-29,22:03:49.897852
226-031-6566,361-039-4345,2017-09-08,00:49:22.922301
403-275-0541,158-576-4578,2017-05-09,20:16:57.415768
100-830-1428,845-198-2046,2017-08-27,18:19:02.961525
644-097-7772,315-508-5665,2017-03-04,09:48:14.736532
472-537-1905,414-128-3556,2017-12-15,18:15:03.842528
898-177-6861,458-246-9608,2017-08-06,13:33:34.991441
960-664-8315,349-674-8673,2017-01-16,22:07:17.677461
473-110-5271,589-416-9564,2017-01-10,17:48:37.725668
315-099-0962,604-107-7176,2017-05-27,06:33:27.844276
315-508-5665,310-498-2762,2017-09-05,08:07:02.080644
186-729-3123,315-508-5665,2017-07-31,06:19:53.424077
458-246-9608,195-526-2361,2017-02-28,16:28:07.649777
549-323-0194,683-712-6411,2017-08-27,00:12:55.415987
315-508-5665,589-416-9564,2017-02-24,05:28:11.519694
508-189-5066,995-055-1114,2017-11-15,18:14:55.618499
585-337-8204,784-882-5256,2017-06-29,17:15:06.666878
433-599-1726,949-372-6727,2017-04-26,10:14:45.541451
315-508-5665,376-608-7518,2017-04-11,08:06:49.522013
810-044-1619,226-031-6566,2017-04-22,14:38:44.254261
894-374-8558,905-168-6189,2017-09-27,11:24:57.782527
226-031-6566,414-128-3556,2017-04-11,08:14:54.295843
508-189-5066,328-866-0427,2017-03-09,10:44:41.787028
932-432-3898,905-168-6189,2017-01-02,20:41:39.044373
508-189-5066,861-878-1772,2017-09-16,10:11:07.925465
239-262-5534,559-713-1835,2017-05-14,10:11:59.458817
960-664-8315,179-506-3473,2017-11-27,14:42:08.900684
905-168-6189,100-830-1428,2017-12-13,12:30:58.007585
799-488-0562,683-712-6411,2017-07-13,10:03:08.279005
683-712-6411,179-506-3473,2017-05-25,17:41:33.173140
549-323-0194,370-187-0070,2017-05-26,13:09:39.156718
100-830-1428,158-576-4578,2017-09-02,21:45:19.905065
363-649-7771,235-176-4381,2017-09-29,16:58:19.636470
116-475-3164,753-124-4994,2017-01-02,10:01:40.475740
932-432-3898,828-812-0718,2017-06-03,08:44:23.074890
363-649-7771,765-064-7110,2017-06-02,06:14:23.504309
932-432-3898,727-551-2106,2017-10-08,02:35:00.628697
118-360-4135,990-633-6553,2017-03-25,16:15:54.945556
908-589-1859,559-713-1835,2017-11-13,00:26:01.218309
905-168-6189,479-518-8841,2017-09-04,21:05:54.560086
573-488-8760,706-073-4548,2017-05-31,03:30:43.353553
813-488-7105,361-039-4345,2017-09-07,10:22:54.177614
898-177-6861,976-174-4409,2017-07-16,09:37:00.067760
585-337-8204,573-488-8760,2017-03-25,22:16:40.927109
239-262-5534,603-627-2229,2017-02-16,12:26:30.415723
905-408-8460,828-812-0718,2017-01-13,12:28:44.083743
908-589-1859,573-488-8760,2017-01-10,21:44:59.476558
683-712-6411,100-830-1428,2017-08-19,14:56:10.833252
898-177-6861,194-751-0726,2017-08-01,22:03:45.981822
479-518-8841,733-187-2959,2017-12-12,13:35:37.332358
644-097-7772,376-608-7518,2017-07-20,06:10:52.229953
960-664-8315,905-168-6189,2017-10-21,20:29:16.309266
549-323-0194,901-672-4727,2017-10-07,11:35:42.197910
737-711-6365,221-827-1070,2017-04-19,18:58:20.294844
100-830-1428,116-475-3164,2017-05-28,07:52:05.141619
683-712-6411,813-488-7105,2017-01-11,09:04:53.534106
879-692-2301,819-849-1804,2017-05-08,04:16:27.110212
675-012-7149,296-845-8815,2017-01-29,08:38:15.415636
733-187-2959,296-845-8815,2017-12-14,17:16:07.142930
905-168-6189,186-729-3123,2017-03-15,20:08:48.132573
675-012-7149,224-307-9607,2017-07-22,18:18:28.464728
370-187-0070,194-751-0726,2017-02-11,09:56:02.067177
361-039-4345,604-107-7176,2017-03-23,21:37:24.101108
908-589-1859,603-627-2229,2017-10-28,05:09:09.549996
737-711-6365,326-348-8171,2017-04-18,12:39:06.300080
116-475-3164,284-762-6101,2017-01-16,15:44:54.709892
799-488-0562,194-751-0726,2017-05-19,01:01:45.149544
186-729-3123,995-055-1114,2017-07-20,02:31:39.682448
100-830-1428,610-263-7288,2017-01-11,07:03:49.318544
648-457-8297,370-187-0070,2017-05-10,21:17:47.230338
799-488-0562,367-042-6173,2017-08-26,00:39:46.312428
573-488-8760,562-069-8665,2017-09-04,15:27:13.955699
905-168-6189,100-830-1428,2017-02-13,21:05:13.081198
733-187-2959,186-729-3123,2017-06-24,23:03:20.913301
473-110-5271,370-187-0070,2017-05-30,07:48:28.758110
898-177-6861,585-337-8204,2017-01-10,02:01:37.583531
363-649-7771,195-526-2361,2017-04-01,00:43:03.914581
473-110-5271,195-526-2361,2017-07-17,10:35:30.494924
315-099-0962,894-374-8558,2017-02-09,14:28:05.471617
562-069-8665,271-788-9365,2017-02-06,01:39:24.420390
472-537-1905,887-628-4270,2017-04-28,03:43:05.062668
118-360-4135,585-337-8204,2017-11-05,10:29:31.558288
315-099-0962,608-079-4930,2017-04-04,05:24:51.579573
589-416-9564,810-044-1619,2017-12-29,06:41:46.439368
799-488-0562,226-031-6566,2017-01-08,12:28:08.996534
894-374-8558,728-062-6327,2017-11-24,17:03:31.953998
508-189-5066,908-589-1859,2017-07-09,11:19:20.677733
799-488-0562,559-713-1835,2017-11-07,21:04:30.683404
473-110-5271,388-647-9826,2017-10-05,12:52:15.109602
549-323-0194,403-275-0541,2017-11-09,16:27:22.062940
813-488-7105,901-672-4727,2017-11-22,05:45:49.239255
403-275-0541,218-810-9957,2017-03-08,01:37:47.684142
879-692-2301,995-055-1114,2017-08-20,16:45:51.403175
118-360-4135,326-348-8171,2017-04-23,11:43:41.893716
433-599-1726,139-381-4068,2017-05-26,13:18:33.585574
562-069-8665,683-712-6411,2017-05-26,04:05:39.051465
370-187-0070,239-262-5534,2017-05-17,14:08:16.600118
226-031-6566,559-713-1835,2017-07-14,18:29:41.961829
737-711-6365,549-323-0194,2017-01-26,08:03:04.416389
908-589-1859,810-044-1619,2017-02-17,10:54:38.697870
908-589-1859,733-187-2959,2017-03-17,11:23:52.742639
799-488-0562,683-712-6411,2017-05-18,00:22:24.813481
479-518-8841,901-672-4727,2017-11-20,17:54:55.622992
441-486-8744,230-006-7468,2017-06-10,10:34:28.899472
898-177-6861,455-854-3710,2017-11-08,10:30:02.290468
908-589-1859,755-837-6504,2017-12-11,01:19:25.109119
675-012-7149,186-729-3123,2017-01-14,11:43:05.358035
370-187-0070,784-882-5256,2017-08-16,11:44:10.761079
799-488-0562,562-069-8665,2017-02-06,11:27:39.249118
819-849-1804,784-882-5256,2017-12-04,22:11:21.450695
733-187-2959,235-176-4381,2017-12-19,20:06:30.731676
221-827-1070,861-878-1772,2017-10-04,15:22:48.895471
479-518-8841,822-885-9453,2017-06-23,06:07:16.672950
908-589-1859,799-488-0562,2017-04-17,12:46:13.177445
644-097-7772,221-827-1070,2017-05-31,05:12:20.353459
648-457-8297,158-576-4578,2017-06-11,20:54:31.175254
905-168-6189,559-713-1835,2017-07-27,18:20:18.225489
315-508-5665,932-432-3898,2017-11-27,13:52:52.455647
458-246-9608,367-042-6173,2017-06-21,13:02:24.729783
573-488-8760,473-110-5271,2017-10-04,14:20:01.262260
604-107-7176,755-837-6504,2017-06-14,15:25:02.764697
810-044-1619,585-337-8204,2017-10-02,03:59:55.167251
433-599-1726,455-854-3710,2017-09-12,07:43:11.407592
644-097-7772,784-882-5256,2017-10-13,08:06:27.476855
819-849-1804,644-097-7772,2017-08-04,12:45:45.985836
819-849-1804,765-064-7110,2017-07-05,05:58:45.858457
458-246-9608,376-226-1704,2017-03-14,19:07:30.417087
370-187-0070,549-323-0194,2017-11-05,14:31:41.873953
813-488-7105,118-360-4135,2017-07-03,09:14:05.106369
573-488-8760,139-381-4068,2017-07-16,08:49:00.014173
683-712-6411,441-486-8744,2017-01-08,16:09:49.763429
908-589-1859,828-812-0718,2017-12-20,18:33:03.730042
861-878-1772,118-360-4135,2017-03-13,01:39:28.027351
118-360-4135,195-526-2361,2017-08-22,01:17:10.465404
186-729-3123,224-307-9607,2017-01-18,01:05:12.305777
737-711-6365,965-814-3291,2017-08-22,06:57:22.696597
737-711-6365,508-189-5066,2017-02-17,13:45:00.848534
589-416-9564,224-307-9607,2017-05-19,09:22:05.130865
960-664-8315,287-287-2300,2017-12-31,03:01:08.868329
186-729-3123,905-168-6189,2017-08-21,04:58:38.887797
603-627-2229,195-526-2361,2017-01-09,20:21:41.863034
905-168-6189,901-672-4727,2017-03-12,13:11:59.653626
589-416-9564,537-537-7090,2017-01-09,06:38:50.555630
252-663-3819,845-198-2046,2017-01-19,09:52:32.622786
118-360-4135,828-812-0718,2017-02-06,22:08:15.094346
472-537-1905,218-810-9957,2017-01-18,10:48:23.844672
441-486-8744,733-187-2959,2017-08-12,19:41:23.879761
604-107-7176,932-432-3898,2017-03-07,12:32:44.655565
894-374-8558,573-488-8760,2017-07-13,10:18:59.557721
221-827-1070,239-262-5534,2017-01-17,10:03:56.176014
370-187-0070,255-827-4711,2017-01-24,03:15:37.271093
186-729-3123,118-360-4135,2017-02-11,12:57:55.638072
316-259-5236,549-323-0194,2017-09-22,17:00:18.227463
960-664-8315,186-729-3123,2017-02-01,13:26:50.631641
573-488-8760,326-348-8171,2017-10-19,03:51:58.251166
458-246-9608,376-226-1704,2017-11-22,16:07:43.851331
473-110-5271,559-713-1835,2017-02-18,14:54:53.759801
813-488-7105,828-812-0718,2017-08-13,04:36:16.604657
562-069-8665,908-589-1859,2017-09-24,14:57:14.424986
813-488-7105,158-576-4578,2017-07-13,19:02:03.563356
905-168-6189,819-849-1804,2017-03-03,12:39:28.276683
116-475-3164,965-814-3291,2017-01-17,12:49:20.708545
675-012-7149,727-551-2106,2017-01-20,16:57:53.801730
905-168-6189,753-124-4994,2017-03-23,12:04:16.346006
403-275-0541,561-817-9890,2017-02-14,02:05:51.798071
361-039-4345,433-599-1726,2017-08-03,18:01:37.811630
932-432-3898,573-488-8760,2017-01-13,20:13:44.916114
239-262-5534,363-649-7771,2017-08-16,21:21:17.635588
573-488-8760,608-079-4930,2017-05-20,08:31:51.556535
819-849-1804,905-168-6189,2017-03-09,21:33:45.093185
986-821-7725,585-337-8204,2017-08-04,21:10:30.048563
585-337-8204,603-627-2229,2017-03-22,01:27:47.992365
315-099-0962,784-882-5256,2017-04-19,13:26:50.024386
239-262-5534,765-064-7110,2017-04-03,11:13:06.163541
799-488-0562,118-360-4135,2017-12-07,08:04:19.676340
905-408-8460,414-128-3556,2017-08-25,16:09:44.376972
995-055-1114,603-627-2229,2017-08-19,07:04:21.893430
239-262-5534,226-031-6566,2017-04-21,12:40:41.224175
810-044-1619,326-348-8171,2017-07-08,02:20:09.671048
562-069-8665,573-488-8760,2017-01-16,21:09:08.967957
648-457-8297,315-508-5665,2017-03-30,18:06:01.565990
675-012-7149,845-198-2046,2017-05-13,04:47:45.372124
960-664-8315,252-663-3819,2017-12-01,05:19:13.387140
472-537-1905,296-845-8815,2017-11-22,15:09:45.502284
813-488-7105,932-432-3898,2017-06-07,14:24:18.978685
995-055-1114,179-506-3473,2017-09-27,06:50:23.900101
810-044-1619,315-508-5665,2017-07-04,18:51:23.868660
239-262-5534,559-713-1835,2017-03-18,07:21:01.379577
644-097-7772,284-762-6101,2017-06-25,11:47:29.881737
549-323-0194,235-176-4381,2017-04-07,09:52:35.289808
370-187-0070,562-069-8665,2017-08-02,08:49:20.278132
361-039-4345,441-486-8744,2017-01-05,11:50:33.001936
363-649-7771,230-006-7468,2017-01-14,10:26:33.099784
675-012-7149,118-360-4135,2017-09-25,16:54:10.199534
226-031-6566,755-837-6504,2017-05-27,18:29:21.618852
370-187-0070,145-788-8928,2017-06-10,09:52:39.252253
100-830-1428,363-649-7771,2017-08-17,07:18:46.157945
549-323-0194,610-263-7288,2017-07-17,05:08:35.581330
252-663-3819,755-837-6504,2017-06-08,09:37:54.945222
737-711-6365,949-372-6727,2017-10-12,18:14:33.591051
100-830-1428,905-168-6189,2017-11-26,05:59:20.819526
562-069-8665,361-039-4345,2017-06-17,04:14:46.412435
562-069-8665,458-246-9608,2017-05-21,05:37:11.526734
370-187-0070,221-827-1070,2017-08-05,15:30:53.680910
879-692-2301,549-323-0194,2017-07-14,18:31:46.922770
737-711-6365,239-262-5534,2017-07-13,18:31:33.198472
644-097-7772,960-664-8315,2017-06-18,18:22:38.784874
932-432-3898,363-649-7771,2017-12-18,17:12:03.649308
905-168-6189,296-845-8815,2017-10-29,08:27:23.710748
239-262-5534,765-064-7110,2017-01-18,21:29:45.959551
472-537-1905,559-713-1835,2017-03-24,21:36:47.079768
549-323-0194,388-647-9826,2017-07-26,02:17:21.925782
799-488-0562,976-174-4409,2017-03-11,05:26:16.454747
960-664-8315,562-069-8665,2017-10-23,05:15:17.196979
585-337-8204,765-064-7110,2017-08-27,04:54:08.141852
361-039-4345,326-348-8171,2017-04-07,04:04:01.017543
226-031-6566,296-845-8815,2017-01-20,07:20:36.968275
472-537-1905,810-044-1619,2017-01-28,11:47:47.573033
861-878-1772,799-183-9806,2017-07-13,06:28:05.095023
585-337-8204,727-551-2106,2017-04-14,03:12:10.643757
861-878-1772,644-097-7772,2017-09-03,13:34:34.681043
604-107-7176,479-518-8841,2017-02-12,16:54:20.626637
894-374-8558,388-647-9826,2017-09-27,08:54:57.013419
995-055-1114,239-262-5534,2017-08-11,09:54:00.621555
472-537-1905,433-599-1726,2017-08-08,09:34:57.785677
585-337-8204,218-810-9957,2017-11-25,23:29:41.248375
239-262-5534,284-762-6101,2017-01-17,13:21:10.314128
315-099-0962,561-817-9890,2017-05-10,17:16:25.198173
737-711-6365,683-712-6411,2017-02-15,14:26:14.181641
252-663-3819,908-589-1859,2017-06-11,00:50:29.527141
252-663-3819,755-837-6504,2017-09-30,02:10:34.055915
458-246-9608,221-827-1070,2017-03-29,10:28:33.638374
472-537-1905,479-518-8841,2017-12-14,09:29:10.163134
683-712-6411,799-183-9806,2017-09-21,16:49:15.783336
118-360-4135,194-751-0726,2017-07-29,01:46:40.659333
186-729-3123,287-287-2300,2017-04-11,04:44:37.511998
473-110-5271,728-062-6327,2017-08-21,07:39:21.592442
186-729-3123,813-488-7105,2017-05-16,07:32:20.936457
473-110-5271,737-711-6365,2017-08-18,07:01:56.144190
315-099-0962,905-408-8460,2017-12-20,18:47:49.066132
589-416-9564,473-110-5271,2017-04-27,19:14:30.149960
239-262-5534,230-006-7468,2017-01-26,15:42:05.573998
472-537-1905,908-589-1859,2017-01-29,15:44:39.057654
932-432-3898,573-488-8760,2017-10-29,11:50:55.108349
361-039-4345,879-692-2301,2017-05-27,07:53:03.735211
861-878-1772,433-599-1726,2017-09-26,06:09:41.251133
441-486-8744,644-097-7772,2017-07-30,10:28:50.959458
995-055-1114,139-381-4068,2017-08-07,21:39:20.921235
361-039-4345,376-226-1704,2017-01-25,07:12:32.826601
252-663-3819,753-124-4994,2017-07-10,00:13:58.932359
239-262-5534,604-107-7176,2017-01-27,09:47:55.628480
644-097-7772,585-337-8204,2017-12-14,09:37:39.896783
186-729-3123,755-837-6504,2017-04-01,23:24:14.369224
316-259-5236,315-099-0962,2017-08-31,22:38:27.062666
905-168-6189,239-262-5534,2017-04-24,00:24:58.783189
644-097-7772,549-323-0194,2017-02-04,03:23:25.242371
363-649-7771,960-664-8315,2017-05-10,08:28:36.400799
861-878-1772,226-031-6566,2017-04-05,00:15:11.980042
573-488-8760,610-263-7288,2017-06-28,06:03:06.869243
433-599-1726,905-168-6189,2017-06-03,07:52:32.289214
363-649-7771,116-475-3164,2017-03-18,22:06:54.900866
116-475-3164,995-055-1114,2017-11-16,01:17:40.365672
472-537-1905,296-845-8815,2017-10-28,18:04:14.609621
186-729-3123,284-762-6101,2017-09-13,19:49:06.437707
361-039-4345,284-762-6101,2017-04-05,06:16:38.017653
221-827-1070,755-837-6504,2017-10-13,16:50:35.996044
186-729-3123,561-817-9890,2017-08-16,01:24:11.511008
186-729-3123,799-488-0562,2017-02-03,12:02:03.456901
737-711-6365,549-323-0194,2017-10-11,16:34:15.826861
644-097-7772,932-432-3898,2017-08-13,02:35:10.496654
186-729-3123,894-374-8558,2017-11-03,16:25:10.122342
905-408-8460,887-628-4270,2017-03-16,10:19:56.635803
403-275-0541,328-866-0427,2017-05-23,07:09:50.054637
861-878-1772,908-589-1859,2017-05-25,19:24:02.194849
819-849-1804,158-576-4578,2017-03-09,14:54:21.367801
479-518-8841,753-124-4994,2017-01-22,12:51:39.222596
733-187-2959,455-854-3710,2017-06-17,04:54:59.002835
472-537-1905,932-432-3898,2017-01-03,10:09:55.473362
573-488-8760,905-408-8460,2017-09-09,09:23:39.125662
118-360-4135,683-712-6411,2017-01-21,00:00:00.109440
603-627-2229,226-031-6566,2017-04-17,13:49:52.539982
473-110-5271,186-729-3123,2017-09-15,18:47:56.809000
508-189-5066,479-518-8841,2017-05-13,12:53:42.347324
472-537-1905,960-664-8315,2017-11-16,20:06:34.171777
433-599-1726,441-486-8744,2017-10-27,20:24:19.219893
813-488-7105,472-537-1905,2017-02-16,01:08:11.115791
683-712-6411,559-713-1835,2017-08-02,22:57:02.747173
441-486-8744,145-788-8928,2017-08-21,03:54:16.389680
585-337-8204,559-713-1835,2017-10-06,16:11:52.504638
226-031-6566,561-817-9890,2017-10-10,11:21:27.262657
894-374-8558,990-633-6553,2017-07-13,19:42:05.544480
458-246-9608,562-069-8665,2017-02-14,09:14:20.506232
675-012-7149,363-649-7771,2017-07-26,05:42:16.122900
879-692-2301,194-751-0726,2017-07-30,17:09:44.908623
898-177-6861,218-810-9957,2017-01-02,13:54:51.201155
819-849-1804,828-812-0718,2017-11-28,14:36:50.039598
116-475-3164,861-878-1772,2017-06-10,09:00:19.920467
549-323-0194,315-099-0962,2017-07-16,16:20:42.853065
683-712-6411,139-381-4068,2017-06-28,21:55:12.559636
441-486-8744,179-506-3473,2017-12-16,21:10:53.983653
252-663-3819,224-307-9607,2017-09-04,10:17:22.441273
441-486-8744,195-526-2361,2017-10-12,01:51:54.913348
986-821-7725,316-259-5236,2017-06-07,03:26:25.149490
960-664-8315,675-012-7149,2017-05-18,22:29:29.655658
603-627-2229,905-168-6189,2017-09-04,21:44:59.587861
894-374-8558,727-551-2106,2017-03-04,10:56:55.868673
441-486-8744,573-488-8760,2017-01-26,12:08:47.890233
186-729-3123,195-526-2361,2017-06-11,04:27:05.923771
315-099-0962,349-674-8673,2017-01-03,10:24:46.400409
932-432-3898,194-751-0726,2017-04-07,13:20:34.297290
221-827-1070,363-649-7771,2017-10-23,17:47:41.367302
508-189-5066,986-821-7725,2017-11-03,14:04:04.238165
879-692-2301,158-576-4578,2017-08-31,03:05:05.124817
473-110-5271,179-506-3473,2017-02-24,16:32:56.339144
908-589-1859,349-674-8673,2017-04-05,09:07:27.752830
589-416-9564,755-837-6504,2017-02-07,15:49:37.365095
508-189-5066,194-751-0726,2017-04-02,21:45:38.513964
960-664-8315,455-854-3710,2017-01-05,06:26:06.457429
898-177-6861,683-712-6411,2017-05-11,16:32:36.480617
239-262-5534,179-506-3473,2017-04-25,09:05:44.506077
898-177-6861,990-633-6553,2017-01-24,12:16:01.063807
316-259-5236,315-508-5665,2017-08-27,09:58:32.358566
905-408-8460,341-119-2595,2017-06-27,06:53:39.449630
813-488-7105,284-762-6101,2017-08-10,21:18:52.250982
370-187-0070,537-537-7090,2017-08-12,13:50:22.519998
986-821-7725,458-246-9608,2017-09-04,06:57:23.920992
403-275-0541,559-713-1835,2017-02-23,07:17:51.463978
879-692-2301,455-854-3710,2017-10-12,05:17:23.328771
932-432-3898,271-788-9365,2017-06-05,19:29:24.035311
585-337-8204,508-189-5066,2017-05-26,19:26:32.761662
861-878-1772,194-751-0726,2017-03-08,03:09:10.190429
932-432-3898,753-124-4994,2017-10-03,05:54:05.912246
316-259-5236,326-348-8171,2017-04-28,23:42:51.049763
226-031-6566,221-827-1070,2017-01-02,05:24:38.941960
100-830-1428,239-262-5534,2017-01-26,09:50:24.951909
932-432-3898,316-259-5236,2017-12-21,02:56:59.835389
361-039-4345,376-608-7518,2017-02-25,05:31:42.601991
995-055-1114,784-882-5256,2017-02-05,00:26:09.052503
479-518-8841,898-177-6861,2017-02-12,15:20:43.969383
403-275-0541,706-073-4548,2017-12-17,13:25:42.127772
221-827-1070,316-259-5236,2017-08-13,19:05:59.907178
370-187-0070,901-672-4727,2017-04-23,10:17:20.449923
585-337-8204,976-174-4409,2017-11-22,04:36:51.184924
986-821-7725,100-830-1428,2017-11-19,01:42:23.183602
898-177-6861,810-044-1619,2017-01-01,15:53:44.640684
458-246-9608,561-817-9890,2017-08-06,02:28:23.261391
315-099-0962,965-814-3291,2017-07-28,01:47:54.969212
370-187-0070,799-488-0562,2017-06-25,21:12:08.558398
100-830-1428,905-408-8460,2017-11-03,20:29:55.186085
315-508-5665,845-198-2046,2017-03-14,01:33:14.688017
403-275-0541,799-488-0562,2017-12-31,21:03:32.225499
986-821-7725,315-099-0962,2017-07-24,06:40:45.437181
861-878-1772,118-360-4135,2017-08-31,05:30:55.988797
458-246-9608,573-488-8760,2017-03-08,02:25:06.194662
675-012-7149,349-674-8673,2017-08-09,06:17:48.041819
932-432-3898,561-817-9890,2017-04-26,13:21:16.941139
573-488-8760,414-128-3556,2017-01-28,16:25:23.785458
473-110-5271,328-866-0427,2017-03-22,15:54:06.681445
960-664-8315,829-644-5392,2017-02-17,05:19:45.445812
316-259-5236,479-518-8841,2017-10-10,15:44:28.977437
932-432-3898,363-649-7771,2017-11-23,07:51:05.340304
905-168-6189,315-099-0962,2017-09-08,18:30:02.764669
433-599-1726,879-692-2301,2017-02-07,23:11:58.697947
819-849-1804,473-110-5271,2017-12-19,23:21:31.969771
508-189-5066,986-821-7725,2017-08-01,10:39:17.156517
675-012-7149,296-845-8815,2017-03-13,21:22:51.273050
549-323-0194,255-827-4711,2017-04-30,16:13:48.168096
370-187-0070,753-124-4994,2017-06-27,20:29:21.105467
226-031-6566,376-226-1704,2017-02-02,15:20:40.126575
813-488-7105,898-177-6861,2017-11-04,20:40:02.074432
562-069-8665,376-226-1704,2017-10-27,17:13:15.933981
604-107-7176,284-762-6101,2017-06-14,22:19:19.098532
549-323-0194,725-626-2996,2017-11-22,22:37:45.758047
585-337-8204,784-882-5256,2017-09-21,02:26:23.671649
675-012-7149,361-039-4345,2017-05-18,22:53:44.706296
226-031-6566,828-812-0718,2017-06-23,06:48:40.113785
644-097-7772,367-042-6173,2017-05-16,12:03:03.915159
458-246-9608,733-187-2959,2017-04-08,15:07:07.248494
441-486-8744,725-626-2996,2017-09-30,23:19:35.117288
116-475-3164,610-263-7288,2017-11-25,00:01:57.657912
118-360-4135,559-713-1835,2017-12-05,01:45:44.314843
573-488-8760,458-246-9608,2017-08-19,13:29:09.561346
186-729-3123,949-372-6727,2017-07-02,07:42:09.276335
960-664-8315,328-866-0427,2017-10-08,19:20:07.203187
441-486-8744,819-849-1804,2017-08-07,23:16:11.127693
799-488-0562,949-372-6727,2017-09-26,01:25:25.734405
186-729-3123,727-551-2106,2017-12-13,03:10:49.586801
479-518-8841,118-360-4135,2017-11-15,04:53:24.990383
221-827-1070,879-692-2301,2017-10-29,09:26:49.532029
737-711-6365,828-812-0718,2017-09-18,12:44:25.331773
472-537-1905,549-323-0194,2017-09-22,08:26:27.730827
221-827-1070,990-633-6553,2017-12-24,01:26:30.777592
603-627-2229,675-012-7149,2017-09-26,18:04:37.057049
603-627-2229,239-262-5534,2017-01-06,11:02:24.507501
604-107-7176,603-627-2229,2017-11-21,13:11:04.588446
861-878-1772,537-537-7090,2017-09-08,14:27:08.227236
458-246-9608,822-885-9453,2017-02-05,16:45:10.914834
879-692-2301,559-713-1835,2017-02-28,22:34:29.564693
644-097-7772,561-817-9890,2017-01-12,19:51:09.867930
683-712-6411,990-633-6553,2017-10-25,12:57:51.555870
370-187-0070,287-287-2300,2017-05-18,12:45:14.998808
589-416-9564,361-039-4345,2017-08-09,21:48:01.563507
683-712-6411,905-168-6189,2017-09-19,19:41:44.851014
370-187-0070,341-119-2595,2017-04-29,23:03:12.355267
472-537-1905,683-712-6411,2017-10-15,17:50:28.084741
100-830-1428,901-672-4727,2017-06-27,22:55:41.599953
810-044-1619,315-508-5665,2017-01-02,04:20:13.078323
995-055-1114,905-408-8460,2017-07-10,23:41:37.193072
810-044-1619,116-475-3164,2017-09-28,04:03:53.119779
508-189-5066,179-506-3473,2017-01-15,05:20:28.042095
472-537-1905,755-837-6504,2017-06-17,12:09:52.819586
508-189-5066,610-263-7288,2017-11-29,16:51:55.992813
644-097-7772,458-246-9608,2017-09-20,07:18:52.163029
315-099-0962,887-628-4270,2017-04-10,11:01:24.431642
733-187-2959,388-647-9826,2017-11-26,11:51:51.651216
370-187-0070,472-537-1905,2017-03-24,03:32:25.029970
644-097-7772,349-674-8673,2017-01-24,07:52:41.576375
363-649-7771,271-788-9365,2017-06-23,20:10:10.842998
549-323-0194,221-827-1070,2017-11-20,04:39:18.236357
905-408-8460,287-287-2300,2017-06-18,01:39:03.375058
737-711-6365,894-374-8558,2017-12-11,11:19:48.195230
589-416-9564,230-006-7468,2017-03-16,22:08:16.764604
604-107-7176,562-069-8665,2017-01-09,17:45:12.827371
813-488-7105,376-608-7518,2017-06-28,17:20:53.690041
186-729-3123,239-262-5534,2017-06-08,14:38:53.715062
315-099-0962,367-042-6173,2017-05-28,22:25:41.758875
683-712-6411,376-226-1704,2017-06-16,18:15:12.560583
603-627-2229,813-488-7105,2017-07-02,20:33:40.499028
226-031-6566,508-189-5066,2017-07-18,20:17:29.165324
905-168-6189,226-031-6566,2017-01-12,18:16:00.643840
458-246-9608,433-599-1726,2017-01-29,22:40:45.698605
819-849-1804,986-821-7725,2017-07-18,16:58:02.859405
549-323-0194,315-508-5665,2017-06-23,01:50:38.852427
226-031-6566,879-692-2301,2017-03-14,06:59:45.732890
603-627-2229,894-374-8558,2017-06-12,05:35:17.760369
737-711-6365,473-110-5271,2017-10-04,06:26:24.983873
589-416-9564,861-878-1772,2017-08-06,14:24:12.362510
861-878-1772,960-664-8315,2017-12-07,08:41:39.054717
879-692-2301,990-633-6553,2017-06-09,01:39:25.304544
737-711-6365,585-337-8204,2017-07-01,20:20:31.643846
733-187-2959,549-323-0194,2017-07-09,21:39:45.145954
549-323-0194,370-187-0070,2017-08-06,17:38:55.009500
894-374-8558,610-263-7288,2017-10-07,04:28:48.874277
100-830-1428,976-174-4409,2017-03-08,16:49:02.679108
361-039-4345,537-537-7090,2017-10-21,02:28:04.996241
932-432-3898,139-381-4068,2017-07-06,19:17:57.158294
861-878-1772,328-866-0427,2017-05-17,09:42:01.623592
737-711-6365,194-751-0726,2017-11-21,17:33:02.182816
603-627-2229,433-599-1726,2017-08-22,04:27:29.145498
644-097-7772,367-042-6173,2017-10-05,15:10:38.786168
441-486-8744,100-830-1428,2017-01-16,06:25:07.161322
403-275-0541,728-062-6327,2017-12-05,21:54:27.442246
905-168-6189,145-788-8928,2017-03-19,05:27:17.429199
604-107-7176,908-589-1859,2017-04-29,08:09:28.304930
315-099-0962,315-508-5665,2017-03-13,02:24:34.991738
508-189-5066,728-062-6327,2017-06-21,02:01:45.174891
589-416-9564,508-189-5066,2017-04-03,21:09:27.977126
986-821-7725,644-097-7772,2017-08-21,09:54:56.367987
879-692-2301,965-814-3291,2017-11-27,09:25:35.831693
226-031-6566,799-488-0562,2017-11-19,19:26:36.582773
221-827-1070,473-110-5271,2017-08-04,05:02:35.935564
363-649-7771,224-307-9607,2017-12-21,23:09:35.628070
403-275-0541,727-551-2106,2017-01-10,09:05:21.539563
370-187-0070,932-432-3898,2017-05-30,05:54:17.805747
573-488-8760,559-713-1835,2017-12-23,09:16:03.375814
573-488-8760,784-882-5256,2017-11-27,14:53:16.008913
960-664-8315,905-168-6189,2017-04-11,16:28:50.348488
433-599-1726,118-360-4135,2017-08-22,21:03:13.322508
100-830-1428,158-576-4578,2017-05-15,17:16:25.075390
986-821-7725,441-486-8744,2017-08-01,06:55:15.192366
894-374-8558,706-073-4548,2017-07-08,23:31:32.668493
905-168-6189,861-878-1772,2017-09-04,08:30:05.799905
363-649-7771,508-189-5066,2017-01-05,16:39:30.339119
315-508-5665,235-176-4381,2017-03-07,09:54:38.220172
479-518-8841,829-644-5392,2017-12-12,08:48:46.069235
508-189-5066,901-672-4727,2017-03-08,21:18:01.191319
239-262-5534,561-817-9890,2017-07-12,07:11:50.885137
813-488-7105,965-814-3291,2017-12-21,05:43:36.052985
879-692-2301,932-432-3898,2017-11-23,02:25:52.743310
116-475-3164,733-187-2959,2017-02-05,16:18:27.981951
894-374-8558,158-576-4578,2017-02-05,08:53:51.200073
819-849-1804,403-275-0541,2017-09-07,05:27:06.812410
116-475-3164,683-712-6411,2017-12-15,22:43:02.771216
861-878-1772,284-762-6101,2017-11-28,10:21:48.631847
733-187-2959,905-168-6189,2017-11-22,20:09:59.708959
562-069-8665,879-692-2301,2017-10-13,17:50:32.658827
239-262-5534,296-845-8815,2017-10-22,04:19:56.851140
675-012-7149,441-486-8744,2017-06-03,12:38:13.340695
370-187-0070,239-262-5534,2017-01-08,05:23:34.305901
472-537-1905,648-457-8297,2017-11-10,01:14:44.929539
683-712-6411,828-812-0718,2017-09-12,01:27:21.984901
252-663-3819,271-788-9365,2017-03-03,12:31:51.440599
905-168-6189,370-187-0070,2017-03-08,13:03:53.380733
562-069-8665,949-372-6727,2017-09-10,15:58:48.038081
361-039-4345,252-663-3819,2017-03-16,06:17:47.082435
733-187-2959,901-672-4727,2017-10-08,06:54:09.126182
315-508-5665,753-124-4994,2017-06-15,17:20:22.884300
894-374-8558,139-381-4068,2017-06-21,11:33:02.718100
100-830-1428,728-062-6327,2017-04-14,03:21:37.672170
604-107-7176,224-307-9607,2017-02-13,19:00:01.657441
562-069-8665,367-042-6173,2017-02-19,20:12:42.581699
316-259-5236,218-810-9957,2017-09-08,10:02:12.134168
733-187-2959,990-633-6553,2017-03-02,23:37:00.416102
604-107-7176,585-337-8204,2017-05-14,10:20:04.150399
221-827-1070,610-263-7288,2017-02-11,23:47:17.178413
604-107-7176,508-189-5066,2017-06-18,09:57:39.929194
562-069-8665,186-729-3123,2017-11-16,01:37:02.811757
648-457-8297,224-307-9607,2017-12-29,23:03:09.366724
403-275-0541,388-647-9826,2017-01-28,00:39:26.088691
549-323-0194,284-762-6101,2017-02-06,08:37:33.169959
433-599-1726,376-226-1704,2017-10-28,12:51:46.607952
252-663-3819,799-488-0562,2017-04-28,06:58:44.840672
683-712-6411,226-031-6566,2017-03-22,20:17:30.939808
905-408-8460,363-649-7771,2017-11-29,16:43:25.500931
932-432-3898,733-187-2959,2017-01-29,00:47:17.791255
562-069-8665,315-099-0962,2017-09-28,07:13:28.648195
433-599-1726,455-854-3710,2017-06-29,18:19:22.941281
879-692-2301,644-097-7772,2017-10-13,17:59:12.482544
908-589-1859,861-878-1772,2017-05-09,06:30:46.019556
819-849-1804,224-307-9607,2017-02-06,19:22:04.876993
589-416-9564,255-827-4711,2017-03-01,07:06:45.411738
733-187-2959,675-012-7149,2017-04-16,23:45:46.441901
813-488-7105,508-189-5066,2017-06-22,02:03:26.848170
433-599-1726,388-647-9826,2017-05-16,10:10:39.011381
683-712-6411,819-849-1804,2017-11-09,09:44:40.791211
473-110-5271,810-044-1619,2017-11-06,23:23:20.508503
433-599-1726,145-788-8928,2017-08-08,01:17:08.629165
648-457-8297,158-576-4578,2017-04-22,20:53:41.625078
894-374-8558,158-576-4578,2017-09-26,22:43:51.037838
118-360-4135,608-079-4930,2017-11-18,10:21:28.329376
898-177-6861,990-633-6553,2017-11-17,05:36:20.730094
315-099-0962,976-174-4409,2017-01-25,16:29:38.402435
589-416-9564,549-323-0194,2017-04-20,14:08:34.774367
252-663-3819,819-849-1804,2017-11-05,00:04:51.523848
458-246-9608,589-416-9564,2017-11-12,14:08:21.272758
315-508-5665,218-810-9957,2017-05-15,22:03:32.576107
861-878-1772,898-177-6861,2017-01-12,23:22:14.756886
675-012-7149,310-498-2762,2017-06-13,18:20:04.336416
905-168-6189,388-647-9826,2017-08-30,21:50:50.712657
479-518-8841,441-486-8744,2017-09-23,23:33:59.273915
226-031-6566,472-537-1905,2017-08-03,17:40:05.811814
116-475-3164,341-119-2595,2017-09-09,02:19:04.930022
898-177-6861,441-486-8744,2017-03-10,22:34:06.835062
403-275-0541,287-287-2300,2017-06-05,07:00:09.964368
908-589-1859,887-628-4270,2017-05-11,16:59:15.337655
226-031-6566,810-044-1619,2017-04-18,00:05:58.261795
100-830-1428,861-878-1772,2017-11-15,11:18:30.819875
589-416-9564,316-259-5236,2017-01-10,15:22:09.726211
479-518-8841,733-187-2959,2017-04-04,20:08:16.238898
810-044-1619,610-263-7288,2017-03-20,07:09:23.249252
226-031-6566,675-012-7149,2017-12-18,23:23:48.137859
316-259-5236,186-729-3123,2017-11-25,14:44:42.509419
403-275-0541,316-259-5236,2017-10-05,22:26:35.106617
118-360-4135,414-128-3556,2017-01-04,10:50:59.192406
648-457-8297,733-187-2959,2017-11-15,17:45:24.250559
603-627-2229,376-226-1704,2017-01-19,05:32:34.302383
479-518-8841,706-073-4548,2017-08-01,19:41:38.909622
508-189-5066,194-751-0726,2017-07-29,05:53:27.225715
932-432-3898,367-042-6173,2017-12-21,10:54:30.788225
737-711-6365,995-055-1114,2017-10-26,17:55:12.661234
370-187-0070,822-885-9453,2017-09-15,01:27:05.012348
683-712-6411,224-307-9607,2017-05-05,02:50:08.527249
472-537-1905,473-110-5271,2017-10-19,16:20:46.228057
603-627-2229,549-323-0194,2017-02-25,17:08:00.738306
737-711-6365,845-198-2046,2017-04-27,01:25:48.032374
603-627-2229,562-069-8665,2017-05-08,10:56:08.310411
441-486-8744,585-337-8204,2017-01-13,08:19:41.763014
960-664-8315,235-176-4381,2017-11-11,02:28:26.848562
116-475-3164,479-518-8841,2017-04-26,20:39:31.204846
810-044-1619,603-627-2229,2017-05-09,09:30:33.019868
648-457-8297,508-189-5066,2017-07-11,07:47:47.527912
683-712-6411,433-599-1726,2017-01-25,19:14:28.524059
733-187-2959,139-381-4068,2017-12-17,20:09:50.947910
403-275-0541,363-649-7771,2017-09-13,17:02:04.065044
905-408-8460,224-307-9607,2017-04-22,01:17:59.482746
458-246-9608,799-488-0562,2017-02-21,03:53:52.556507
644-097-7772,589-416-9564,2017-07-22,17:26:19.160581
472-537-1905,116-475-3164,2017-09-06,02:53:55.667081
458-246-9608,932-432-3898,2017-02-28,23:38:36.313324
116-475-3164,861-878-1772,2017-10-14,03:07:41.208874
986-821-7725,226-031-6566,2017-08-05,19:27:38.075732
363-649-7771,433-599-1726,2017-09-12,08:28:42.361036
316-259-5236,479-518-8841,2017-07-06,12:59:14.260773
879-692-2301,221-827-1070,2017-11-16,19:15:09.387017
573-488-8760,737-711-6365,2017-09-23,05:47:38.941417
737-711-6365,326-348-8171,2017-08-13,15:35:57.593337
879-692-2301,441-486-8744,2017-01-12,02:51:34.286095
879-692-2301,908-589-1859,2017-03-13,04:14:20.488619
932-432-3898,995-055-1114,2017-03-08,01:18:39.668626
441-486-8744,473-110-5271,2017-10-03,01:30:52.205077
116-475-3164,230-006-7468,2017-02-26,14:33:54.781379
252-663-3819,608-079-4930,2017-03-25,23:53:23.136732
813-488-7105,753-124-4994,2017-04-04,14:32:02.349369
118-360-4135,349-674-8673,2017-09-25,00:35:39.426864
995-055-1114,441-486-8744,2017-03-03,03:21:15.055201
458-246-9608,683-712-6411,2017-03-05,12:43:55.857527
819-849-1804,473-110-5271,2017-11-03,17:14:01.162836
799-488-0562,479-518-8841,2017-10-23,01:55:51.459164
810-044-1619,271-788-9365,2017-10-18,02:36:00.684694
819-849-1804,559-713-1835,2017-08-08,21:04:14.148568
648-457-8297,549-323-0194,2017-08-24,22:28:24.385251
221-827-1070,728-062-6327,2017-05-18,07:53:07.599519
441-486-8744,648-457-8297,2017-02-25,13:53:11.301037
585-337-8204,905-408-8460,2017-07-27,00:19:55.026103
813-488-7105,706-073-4548,2017-09-10,22:37:46.597805
675-012-7149,194-751-0726,2017-08-06,21:16:55.762982
441-486-8744,753-124-4994,2017-08-29,02:34:08.200428
508-189-5066,784-882-5256,2017-09-24,17:28:56.299125
675-012-7149,905-168-6189,2017-04-10,21:11:47.083757
363-649-7771,879-692-2301,2017-12-29,01:30:32.499654
908-589-1859,100-830-1428,2017-11-29,16:09:26.314619
675-012-7149,753-124-4994,2017-01-28,18:41:54.510905
908-589-1859,116-475-3164,2017-07-02,18:53:03.438551
221-827-1070,296-845-8815,2017-10-31,10:11:57.125988
100-830-1428,221-827-1070,2017-03-27,21:19:59.439936
960-664-8315,828-812-0718,2017-08-29,22:46:50.050545
861-878-1772,905-408-8460,2017-07-07,17:17:18.687139
604-107-7176,328-866-0427,2017-02-07,02:15:14.453138
370-187-0070,195-526-2361,2017-12-10,08:37:30.139076
960-664-8315,315-099-0962,2017-10-22,10:28:14.940899
810-044-1619,145-788-8928,2017-01-17,05:35:41.925059
118-360-4135,901-672-4727,2017-10-05,17:31:40.774401
403-275-0541,316-259-5236,2017-10-03,07:03:51.297840
118-360-4135,737-711-6365,2017-04-01,21:33:00.938139
905-408-8460,822-885-9453,2017-10-03,11:54:37.641861
799-488-0562,195-526-2361,2017-10-06,07:41:32.364189
573-488-8760,376-608-7518,2017-04-15,19:50:14.096250
562-069-8665,226-031-6566,2017-06-15,10:51:16.777426
908-589-1859,226-031-6566,2017-09-22,17:40:58.429394
861-878-1772,441-486-8744,2017-11-25,03:41:02.221706
562-069-8665,604-107-7176,2017-09-14,08:21:09.227620
441-486-8744,549-323-0194,2017-01-27,19:18:17.209471
905-408-8460,589-416-9564,2017-04-16,09:43:41.764567
861-878-1772,376-608-7518,2017-06-01,14:15:21.020404
861-878-1772,361-039-4345,2017-09-28,18:33:27.652676
316-259-5236,403-275-0541,2017-06-02,09:38:58.408388
433-599-1726,403-275-0541,2017-07-12,18:20:53.009774
799-488-0562,949-372-6727,2017-11-06,21:37:42.851722
361-039-4345,326-348-8171,2017-09-24,22:30:45.565410
861-878-1772,604-107-7176,2017-03-17,23:23:43.091134
239-262-5534,376-608-7518,2017-04-23,14:59:46.301076
813-488-7105,287-287-2300,2017-11-09,03:44:06.032889
479-518-8841,608-079-4930,2017-06-13,06:31:06.084979
675-012-7149,179-506-3473,2017-10-04,10:54:18.312290
361-039-4345,271-788-9365,2017-06-25,06:04:27.811099
433-599-1726,898-177-6861,2017-02-12,15:03:23.888162
315-508-5665,235-176-4381,2017-09-08,17:30:47.498436
648-457-8297,965-814-3291,2017-05-03,02:13:41.886601
549-323-0194,224-307-9607,2017-10-10,21:57:18.802152
585-337-8204,370-187-0070,2017-06-11,15:21:33.726398
562-069-8665,603-627-2229,2017-05-04,07:45:45.942286
226-031-6566,610-263-7288,2017-11-21,10:31:55.402764
315-508-5665,479-518-8841,2017-07-09,05:21:23.845523
186-729-3123,388-647-9826,2017-02-25,15:05:43.488939
186-729-3123,252-663-3819,2017-08-17,00:24:10.807312
441-486-8744,573-488-8760,2017-12-31,11:34:36.441392
905-168-6189,376-608-7518,2017-10-17,04:10:31.250425
316-259-5236,810-044-1619,2017-02-26,07:34:15.936605
508-189-5066,549-323-0194,2017-09-12,19:37:55.783743
221-827-1070,733-187-2959,2017-12-19,20:12:29.084737
116-475-3164,186-729-3123,2017-07-11,14:09:16.682217
810-044-1619,179-506-3473,2017-10-30,20:11:45.019201
458-246-9608,861-878-1772,2017-10-05,05:48:09.368954
737-711-6365,949-372-6727,2017-08-04,18:59:38.689447
648-457-8297,932-432-3898,2017-06-16,00:55:17.023371
810-044-1619,315-099-0962,2017-03-30,17:53:35.706886
894-374-8558,235-176-4381,2017-12-28,00:21:05.479924
603-627-2229,608-079-4930,2017-03-05,21:46:06.313413
905-408-8460,158-576-4578,2017-08-27,20:08:17.296720
995-055-1114,116-475-3164,2017-03-03,00:32:45.001892
473-110-5271,908-589-1859,2017-09-19,16:52:55.335959
479-518-8841,755-837-6504,2017-05-09,11:18:32.009371
573-488-8760,725-626-2996,2017-07-12,15:03:35.503788
861-878-1772,644-097-7772,2017-03-15,14:03:44.417430
433-599-1726,296-845-8815,2017-01-01,06:24:13.937128
995-055-1114,727-551-2106,2017-07-14,00:27:15.952238
363-649-7771,784-882-5256,2017-09-20,08:47:44.683988
813-488-7105,733-187-2959,2017-03-13,01:23:14.126949
819-849-1804,230-006-7468,2017-07-17,19:21:44.741274
508-189-5066,296-845-8815,2017-06-10,18:32:18.921926
799-488-0562,822-885-9453,2017-03-27,19:42:51.760775
861-878-1772,561-817-9890,2017-12-19,04:30:01.764818
908-589-1859,608-079-4930,2017-02-17,02:23:05.250863
799-488-0562,905-168-6189,2017-11-05,03:06:07.681486
473-110-5271,737-711-6365,2017-01-17,09:10:30.883480
908-589-1859,610-263-7288,2017-04-12,02:14:07.610010
585-337-8204,784-882-5256,2017-10-17,06:07:42.270326
737-711-6365,186-729-3123,2017-04-08,15:26:24.499480
472-537-1905,310-498-2762,2017-06-18,07:09:54.858082
737-711-6365,829-644-5392,2017-08-28,20:11:45.018896
861-878-1772,810-044-1619,2017-03-17,08:20:45.862604
473-110-5271,179-506-3473,2017-01-11,21:37:47.052665
479-518-8841,861-878-1772,2017-07-19,21:23:24.871026
316-259-5236,145-788-8928,2017-09-20,11:54:57.982422
370-187-0070,822-885-9453,2017-10-23,21:04:04.688008
239-262-5534,648-457-8297,2017-03-26,19:35:12.234709
370-187-0070,879-692-2301,2017-10-18,03:37:29.361292
361-039-4345,965-814-3291,2017-02-12,11:54:13.120982
905-168-6189,284-762-6101,2017-01-30,21:04:47.345035
604-107-7176,845-198-2046,2017-12-25,23:51:20.596596
186-729-3123,376-226-1704,2017-02-22,12:51:35.069438
905-408-8460,367-042-6173,2017-03-01,09:37:05.288134
361-039-4345,310-498-2762,2017-09-30,12:52:05.020565
733-187-2959,898-177-6861,2017-09-12,03:14:07.829033
908-589-1859,235-176-4381,2017-04-20,09:46:42.697316
861-878-1772,986-821-7725,2017-10-15,17:18:37.562445
100-830-1428,990-633-6553,2017-08-09,18:21:17.854316
441-486-8744,610-263-7288,2017-05-14,21:48:03.223910
861-878-1772,271-788-9365,2017-01-28,16:42:51.087038
894-374-8558,905-168-6189,2017-05-12,13:53:33.197939
737-711-6365,186-729-3123,2017-01-21,19:07:51.794799
239-262-5534,455-854-3710,2017-01-25,02:16:45.842916
508-189-5066,218-810-9957,2017-02-13,04:32:44.080410
479-518-8841,562-069-8665,2017-03-28,03:36:50.328612
441-486-8744,683-712-6411,2017-10-07,21:06:26.508981
995-055-1114,905-168-6189,2017-08-11,03:45:37.611710
473-110-5271,441-486-8744,2017-04-06,05:40:23.971027
479-518-8841,813-488-7105,2017-10-14,21:49:31.603671
472-537-1905,573-488-8760,2017-03-02,16:37:00.342958
810-044-1619,561-817-9890,2017-03-03,13:34:57.853524
118-360-4135,221-827-1070,2017-11-03,15:48:22.722688
458-246-9608,648-457-8297,2017-05-30,04:16:54.382792
363-649-7771,186-729-3123,2017-10-26,18:45:30.759799
861-878-1772,508-189-5066,2017-09-05,13:04:00.791409
932-432-3898,479-518-8841,2017-10-19,08:32:26.170923
315-508-5665,733-187-2959,2017-03-22,06:45:39.302474
116-475-3164,894-374-8558,2017-03-25,20:07:40.512673
648-457-8297,675-012-7149,2017-11-17,23:20:51.576817
100-830-1428,608-079-4930,2017-06-05,13:33:05.725759
116-475-3164,315-508-5665,2017-07-06,05:24:38.396919
549-323-0194,960-664-8315,2017-03-13,03:29:29.735327
737-711-6365,829-644-5392,2017-07-14,00:29:42.738921
479-518-8841,328-866-0427,2017-05-01,11:44:23.853173
819-849-1804,727-551-2106,2017-10-04,07:16:08.591291
813-488-7105,296-845-8815,2017-11-09,12:31:56.331689
363-649-7771,995-055-1114,2017-02-07,01:09:47.283559
733-187-2959,310-498-2762,2017-01-31,02:40:13.178663
118-360-4135,562-069-8665,2017-03-06,23:03:19.290625
960-664-8315,559-713-1835,2017-09-16,13:25:41.652516
118-360-4135,976-174-4409,2017-08-30,19:56:54.459934
905-408-8460,367-042-6173,2017-10-13,12:30:31.591708
603-627-2229,932-432-3898,2017-05-22,20:03:42.565460
905-168-6189,733-187-2959,2017-10-12,12:00:36.525920
361-039-4345,648-457-8297,2017-07-30,02:30:24.442533
363-649-7771,328-866-0427,2017-04-12,03:58:12.423995
737-711-6365,145-788-8928,2017-06-11,10:06:48.869817
604-107-7176,608-079-4930,2017-05-09,02:47:00.132907
100-830-1428,376-226-1704,2017-06-10,01:09:56.787276
458-246-9608,221-827-1070,2017-02-12,16:54:55.020023
252-663-3819,221-827-1070,2017-07-04,00:34:06.289043
733-187-2959,604-107-7176,2017-10-15,13:30:07.558829
908-589-1859,561-817-9890,2017-06-11,11:20:15.922265
819-849-1804,753-124-4994,2017-05-01,11:04:39.404624
221-827-1070,116-475-3164,2017-02-01,12:19:14.756944
